metric,scheme,mean,std,ci_low,ci_high
energy_mJ,baseline,50905.68908378371,11501.89625623608,22333.394837381806,79477.98333018561
energy_mJ,arsta,35328.13633296002,11010.600020478907,7976.289593428366,62679.983072491676
transitions,baseline,20.0,0.0,20.0,20.0
transitions,arsta,22.333333333333332,0.5773502691896258,20.89911575676795,23.767550909898713
